{"Train/Acc": 0.23148075076125882, "round": 45, "_runtime": 354, "_timestamp": 1637638715, "_step": 39, "Train/Loss": 3.53575890760039, "Test/Acc": 0.23250261347650453, "Test/Loss": 3.537126907238204}