{"Train/Acc": 0.05677017801171855, "round": 10, "_runtime": 114, "_timestamp": 1637639330, "_step": 11, "Train/Loss": 3.690418337161765, "Test/Acc": 0.05565091697533653, "Test/Loss": 3.6909060722712344}