{"Train/Acc": 0.05677017801171855, "round": 9, "_runtime": 129, "_timestamp": 1637586203, "_step": 11, "Train/Loss": 3.6847006272416567, "Test/Acc": 0.05565091697533653, "Test/Loss": 3.6853851023184725}