{"Train/Acc": 0.05203659998362084, "round": 0, "_runtime": 51, "_timestamp": 1637638964, "_step": 3, "Train/Loss": 3.9642359654837045, "Test/Acc": 0.052140469522346834, "Test/Loss": 3.964862500895218}