{"Train/Acc": 0.8053969901401141, "round": 65, "_runtime": 58, "_timestamp": 1637641213, "_step": 55, "Train/Loss": 1.8097436121076762, "Test/Acc": 0.803011803011803, "Test/Loss": 1.8080957916274256}