{"Train/Acc": 0.6940982898665098, "round": 160, "_runtime": 598, "_timestamp": 1637639963, "_step": 67, "Train/Loss": 1.065573786728646, "Test/Acc": 0.691571054295781, "Test/Loss": 1.0708772415506753}