{"Train/Acc": 0.050351035237535084, "round": 30, "_runtime": 268, "_timestamp": 1637586050, "_step": 27, "Train/Loss": 3.6535225786033463, "Test/Acc": 0.04896557954648116, "Test/Loss": 3.654693625593414}