{"Train/Acc": 0.5667650492994292, "round": 5, "_runtime": 34, "_timestamp": 1636904402, "_step": 7, "Train/Loss": 2.0523612879653577, "Test/Acc": 0.5608465608465608, "Test/Loss": 2.049777261568141}