{"Train/Acc": 0.8134696278207524, "round": 199, "_runtime": 24262, "_timestamp": 1637732787, "_step": 163, "Train/Loss": 0.6006124116995389, "Test/Acc": 0.8096356620161842, "Test/Loss": 0.6115144443900652, "_wandb": {"runtime": 24263}}