{"Train/Acc": 0.8140056731463627, "round": 199, "_runtime": 16831, "_timestamp": 1637708511, "_step": 163, "Train/Loss": 0.5990107341910922, "Test/Acc": 0.8099841255501207, "Test/Loss": 0.6099540039771735, "_wandb": {"runtime": 16832}}