{"Train/Acc": 0.0999799759711654, "round": 0, "_runtime": 375, "_timestamp": 1637586601, "_step": 3, "Train/Loss": 2.686790224953943, "Test/Acc": 0.0998, "Test/Loss": 2.6837723685503008}