{"Train/Acc": 0.806030509913116, "round": 199, "_runtime": 1819, "_timestamp": 1637646582, "_step": 163, "Train/Loss": 0.6491664464806325, "Test/Acc": 0.8015951886220203, "Test/Loss": 0.6633158698133137, "_wandb": {"runtime": 1821}}