{"Train/Acc": 0.05677166702651191, "round": 19, "_runtime": 642, "_timestamp": 1637640669, "_step": 79, "Train/Loss": 3.6850305897580156, "Test/Acc": 0.05565091697533653, "Test/Loss": 3.686026153764707}