{"Train/Acc": 0.3946589039362106, "round": 10, "_runtime": 137, "_timestamp": 1637673468, "_step": 11, "Train/Loss": 2.667827040524395, "Test/Acc": 0.3949640566317773, "Test/Loss": 2.6687414811216694}