{"Train/Acc": 0.06425992242232927, "round": 0, "_runtime": 53, "_timestamp": 1637673599, "_step": 3, "Train/Loss": 3.7485185263101277, "Test/Acc": 0.06336873894918886, "Test/Loss": 3.7486175279474656}