{"Train/Acc": 0.8168137000518941, "round": 199, "_runtime": 137, "_timestamp": 1637569496, "_step": 163, "Train/Loss": 1.7350265385402288, "Test/Acc": 0.818070818070818, "Test/Loss": 1.735144870088117}