{"Train/Acc": 0.8201657273465012, "round": 725, "_runtime": 4779, "_timestamp": 1637638235, "_step": 583, "Train/Loss": 0.5630170614784183, "Test/Acc": 0.8166049326949137, "Test/Loss": 0.57145716577398}